{
    "countries": [
      {
        "Country": "United States",
        "CountryCode": "US",
        "NewConfirmed": 50000,
        "TotalConfirmed": 1000000,
        "NewDeaths": 2000,
        "TotalDeaths": 50000,
        "NewRecovered": 80000,
        "TotalRecovered": 900000,
        "longitude": 95.7129,
        "latitude":37.0902
      },
      {
        "Country": "India",
        "CountryCode": "IN",
        "NewConfirmed": 20000,
        "TotalConfirmed": 500000,
        "NewDeaths": 1000,
        "TotalDeaths": 20000,
        "NewRecovered": 50000,
        "TotalRecovered": 450000,
        "longitude": 78.9629,
        "latitude":20.5937
      },
      {
        "Country": "Brazil",
        "CountryCode": "BR",
        "NewConfirmed": 15000,
        "TotalConfirmed": 300000,
        "NewDeaths": 1000,
        "TotalDeaths": 15000,
        "NewRecovered": 30000,
        "TotalRecovered": 270000,
        "longitude":51.9253,
        "latitude":14.2350
      },
      {
        "Country": "Russia",
        "CountryCode": "RU",
        "NewConfirmed": 10000,
        "TotalConfirmed": 250000,
        "NewDeaths": 500,
        "TotalDeaths": 10000,
        "NewRecovered": 20000,
        "TotalRecovered": 220000,
        "longitude":105.3188,
        "latitude":61.5240
      },
      {
        "Country": "United Kingdom",
        "CountryCode": "GB",
        "NewConfirmed": 8000,
        "TotalConfirmed": 200000,
        "NewDeaths": 400,
        "TotalDeaths": 8000,
        "NewRecovered": 15000,
        "TotalRecovered": 180000,
        "longitude": 3.4360,
        "latitude":55.3781
      },
      {
        "Country": "France",
        "CountryCode": "FR",
        "NewConfirmed": 7000,
        "TotalConfirmed": 180000,
        "NewDeaths": 300,
        "TotalDeaths": 7000,
        "NewRecovered": 12000,
        "TotalRecovered": 160000,
        "longitude": 2.2137,
        "latitude":46.2276
      },
      {
        "Country": "Germany",
        "CountryCode": "DE",
        "NewConfirmed": 6000,
        "TotalConfirmed": 160000,
        "NewDeaths": 200,
        "TotalDeaths": 6000,
        "NewRecovered": 10000,
        "TotalRecovered": 150000,
        "longitude":10.4515,
        "latitude":51.1657
      },
      {
        "Country": "Italy",
        "CountryCode": "IT",
        "NewConfirmed": 5000,
        "TotalConfirmed": 150000,
        "NewDeaths": 100,
        "TotalDeaths": 5000,
        "NewRecovered": 8000,
        "TotalRecovered": 140000,
        "longitude":12.5674,
        "latitude":41.8719
      },
      {
        "Country": "Spain",
        "CountryCode": "ES",
        "NewConfirmed": 4000,
        "TotalConfirmed": 140000,
        "NewDeaths": 50,
        "TotalDeaths": 4500,
        "NewRecovered": 6000,
        "TotalRecovered": 130000,
        "longitude": 3.7492,
        "latitude":40.4637
      },
      {
        "Country": "South Africa",
        "CountryCode": "ZA",
        "NewConfirmed": 3000,
        "TotalConfirmed": 120000,
        "NewDeaths": 30,
        "TotalDeaths": 3000,
        "NewRecovered": 5000,
        "TotalRecovered": 110000,
        "longitude": 22.9375,
        "latitude":30.5595
      }
    ],
    "Date": "2024-07-05T00:00:00Z"
  }
  